Model,RMSE,MAE,MAPE,R2
Lasso Regression,13.7586648225143,9.32962509809194,0.6194024560648275,0.9977317715924504
Ridge Regression,13.771408266923041,9.395665110595852,0.6239225063757071,0.9977275679245664
Linear Regression,13.772211646922242,9.395667953813362,0.6239184514824921,0.9977273027839657
Decision Tree,46.175790253928646,29.049826689774697,1.7779076865624255,0.9744516488321853
Random Forest,50.76300100641033,28.22648819312183,1.636073071077894,0.9691234490880654
Gradient Boosting,60.8685261589847,36.15810225856384,2.0981607530144313,0.955606460190855
